predict,p0,p1
1,0.021796086322167008,0.978203913677833
